{
  "goals": {
    "dailyGoals": [
      {
        "id": "f6477966-0d3a-42a9-80b7-7fa0ccf78a92",
        "title": "Build a Website",
        "snippit": "Write Code",
        "startDate": "2019/7/1",
        "endDate": "2019/7/30",
        "lastDayUpdated": "2019/8/12 ",
        "daysChecked": 20,
        "weeklyChecked": [ true, false, true, true, true, false, false ]
      },
      {
        "id": "a5138dd8-9d86-448e-82e2-416f6d444e20",
        "title": "Programme",
        "snippit": "Write Code",
        "startDate": "2019/8/1",
        "endDate": "2019/8/30",
        "lastDayUpdated": "2019/8/12 ",
        "daysChecked": 20,
        "weeklyChecked": [ true, false, true, true, true, false, false ]
      },
      {
        "id": "c43f23df-65b0-4c20-95ff-33feaaf4a3c0",
        "title": "Learn React",
        "snippit": "Write Code",
        "startDate": "2019/8/1 ",
        "endDate": "2019/8/30",
        "lastDayUpdated": "2019/8/6",
        "daysChecked": 12,
        "weeklyChecked": [ true, true, false, true, false, false, false ]
      },
      {
        "id": "0041c8a2-5e74-44a0-91d9-3557ccb2dec8",
        "title": "Attend Classes",
        "snippit": "Don't miss any classes",
        "startDate": "2019/8/26",
        "endDate": "2019/12/30",
        "lastDayUpdated": "2019/8/26",
        "daysChecked": 12,
        "weeklyChecked": [ false, false, false, false, false, false, false ]
      }
    ],
    "otherGoalsCategories": [
      {
        "category": "Programming",
        "id": "dca48b83-f503-4a58-afce-07925deb6e97",
        "render": true,
        "otherGoals": [
          {
            "id": "67cdc340-7b49-4660-a90a-b4a23c24a08a",
            "title": "Learn React",
            "snippit": "Code a bunch of stuff",
            "startDate": "2019/7/1",
            "endDate": "2019/7/15",
            "percentComplete": 100
          }
        ]
      },
      {
        "category": "Reading",
        "id": "10480d43-5aac-4d8e-842d-0865a1ef45a6",
        "render": true,
        "otherGoals": [
          {
            "id": "c2bb8e91-5b6b-498b-81b4-799bbc3fbdfe",
            "title": "Read a book",
            "snippit": "Read the blade itself",
            "startDate": "2019/7/8",
            "endDate": "2019/7/30",
            "percentComplete": 100
          },
          {
            "id": "c62a60bd-76ba-4f0f-91a2-963e8b5424c3",
            "title": "Read 20 books",
            "snippit": "Shouldn't be too hard he thought",
            "startDate": "2019/1/1",
            "endDate": "2020/1/1",
            "percentComplete": 50
          }
        ]
      },
      {
        "category": "This.Project",
        "id": "25ec81ce-583a-4eb8-b1ca-887a715a3e57",
        "render": true,
        "otherGoals": [
          {
            "id": "38eef4e3-54cf-46c8-9011-9d4100a98a56",
            "title": "Add Goal Adding",
            "snippit": "Add Form and State Addition",
            "startDate": "2019/7/9",
            "endDate": "2019/7/11",
            "percentComplete": 0
          },
          {
            "id": "8c16d3d7-4714-47b6-9e49-32b123d966ac",
            "title": "Add Goal Deletion",
            "snippit": "Add Form and State Deletion",
            "startDate": "2019/7/9",
            "endDate": "2019/7/11",
            "percentComplete": 0
          },
          {
            "id": "9bcaf25e-a55b-4465-89ab-8f518f35303a",
            "title": "Fix Small bugs",
            "snippit": "SideNav Stuff",
            "startDate": "2019/7/9",
            "endDate": "2019/7/12",
            "percentComplete": 0
          },
          {
            "id": "35f0f699-4fcd-4750-bb1c-35196f6285b2",
            "title": "Add Sorting Box",
            "snippit": "Should be easy after I learn add and delete stuff",
            "startDate": "2019/7/9",
            "endDate": "2019/7/12",
            "percentComplete": 0
          },
          {
            "id": "572cf61a-e68c-4de8-9e59-d52c6552ddae",
            "title": "Optimize Code",
            "snippit": "Add shouldComponentUpdate where needed",
            "startDate": "2019/8/9",
            "endDate": "2019/8/19",
            "percentComplete": 0
          },
          {
            "id": "773e81b2-f5ab-4fe7-a79c-6eab12a2d59b",
            "title": "Lint Code",
            "snippit": "Use eslint",
            "startDate": "2019/8/9",
            "endDate": "2019/8/15",
            "percentComplete": 0
          },
          {
            "id": "320cf748-f166-436f-a8da-70bc8ab835ef",
            "title": "Add login and backend stuff",
            "snippit": "This might be the hard part",
            "startDate": "2019/8/9",
            "endDate": "2019/12/30",
            "percentComplete": 0
          }
        ]
      },
      {
        "category": "Testing 123",
        "id": "ed487dd9-c039-42a9-bcfb-e302b1001180",
        "render": true,
        "otherGoals": [
          {
            "id": "8c90b56a-f1e4-4ade-bbbf-920b50aa098e",
            "title": "Working Well",
            "snippit": "Email any errors to KillianDebacker@gmail.com",
            "startDate": "2019/8/10",
            "endDate": "2040/7/11",
            "percentComplete": 98
          },
          {
            "id": "fccd4b07-91c1-4771-993b-1e153e7f1306",
            "title": "Check out my other Projects",
            "snippit": "You can find them at KillianDebacker.com",
            "startDate": "2019/8/10",
            "endDate": "2040/7/11",
            "percentComplete": 98
          },
          {
            "id": "480e8b31-9c44-4065-86bd-0a3b31cfff42",
            "title": "Infinity",
            "snippit": "Big Numbers ->",
            "startDate": "2019/8/10",
            "endDate": "4000/7/11",
            "percentComplete": 12345
          }
        ]
      }
    ],
    "completed": {
      "dailyGoals": [],
      "otherGoalsCategories": []
    }
  }
}